title,originallink,link,description,pubDate
중 &quot;겨울철 방역상황 심각&quot;…고위험그룹 곧 백신 접종,https://news.bbsi.co.kr/news/articleView.html?idxno=3015606,https://news.bbsi.co.kr/news/articleView.html?idxno=3015606,브라질에 도착하는 중국제 <b>코로나</b>19백신 중국이 <b>코로나</b>19 백신 접종을 곧 의료진 등 감염 고위험 그룹부터 시작할 것이라고 밝혔습니다. 쩡이신 중국 국가위생건강위원회 부주임은 오늘 브리핑에서 겨울철 기온이... ,"Sat, 19 Dec 2020 17:45:00 +0900"
[<b>코로나</b>19] 병원-요양시설 26건· 812명 분석…73%는 종사자-간병인발,https://news.bbsi.co.kr/news/articleView.html?idxno=3015605,https://news.bbsi.co.kr/news/articleView.html?idxno=3015605,국내 <b>코로나</b>19 집단감염이 잇따르는 가운데 이들 사례의 10건 중 7건은 종사자나 간병인에 의해 시설 내로... 등 <b>코로나</b>19 의심 증상이 있으면 진단검사를 받아 달라고 요청했습니다. 방대본은 스키장 내 <b>코로나</b>19 감염... ,"Sat, 19 Dec 2020 17:45:00 +0900"
마포구 하루새 확진자 15명 늘어…누적 533명 확진,https://www.news1.kr/articles/?4155508,https://news.naver.com/main/read.nhn?mode=LSD&mid=sec&sid1=102&oid=421&aid=0005059674,서울 마포구는 19일 구민 15명이 신종 <b>코로나</b>바이러스 감염증(<b>코로나</b>19) 확진 판정을 받았다고 밝혔다. 이에 따라 마포구 내 <b>코로나</b>19 확진자는 총 533명으로 늘었다. 마포구는 &quot;확진자 동선에 대해 역학조사가 진행 중... ,"Sat, 19 Dec 2020 17:44:00 +0900"
[속보] 제천시 동경불가마사우나 남탕 이용자 검사 요청,http://www.asiaa.co.kr/news/articleView.html?idxno=13379,http://www.asiaa.co.kr/news/articleView.html?idxno=13379,<b>코로나</b>19 자료사진 (사진= 뉴스1 제공) 제천시는 <b>코로나</b>19 확진자 동선 관련 동경불가마사우나 남탕 이용자에 대한 검사를 요청했다. 제천시청은 19일 재난문자를 통해 12.12(토)~12.16(수) 15:30~17:00... ,"Sat, 19 Dec 2020 17:43:00 +0900"
부천서 확진자 동거가족 등 10명 양성 판정…부천 누적 확진자 918명,http://www.ajunews.com/view/20201219173941134,http://www.ajunews.com/view/20201219173941134,홍승완 기자 veryhong@ajunews.com 사진=연합뉴스 경기 부천시에서 신종 <b>코로나</b>바이러스 감염증(<b>코로나</b>19) 확진자의 동거가족 등 10명이 확진 판정을 받았다. 19일 부천시는 50대 A씨 등 10명이 <b>코로나</b>19 양성 판정을... ,"Sat, 19 Dec 2020 17:43:00 +0900"
[천지포토] '<b>코로나</b> 검사' 선별진료소 찾은 시민들,http://www.newscj.com/news/articleView.html?idxno=810712,http://www.newscj.com/news/articleView.html?idxno=810712,신종 <b>코로나</b>바이러스 감염증(<b>코로나</b>19) 신규 확진자가 나흘째 1000명대를 넘어선 가운데 19일 오후 서울 성북구청 앞 임시 선별진료소에서 시민들이 <b>코로나</b>19 검사를 받기 위해 기다리고 있다. 성북구는 전날 구청... ,"Sat, 19 Dec 2020 17:43:00 +0900"
[천지포토] '<b>코로나</b> 확산' 검사 대기하는 시민들,http://www.newscj.com/news/articleView.html?idxno=810709,http://www.newscj.com/news/articleView.html?idxno=810709,신종 <b>코로나</b>바이러스 감염증(<b>코로나</b>19) 신규 확진자가 나흘째 1000명대를 넘어선 가운데 19일 오후 서울 성북구청 앞 임시 선별진료소에서 시민들이 <b>코로나</b>19 검사를 받기 위해 기다리고 있다. 성북구는 전날 구청... ,"Sat, 19 Dec 2020 17:43:00 +0900"
"'중대본, 스키장 <b>코로나</b> 비상' 당진 교회 관련 139명-부천 요양병원 134명-용...",http://www.kdfnews.com/news/articleView.html?idxno=63759,http://www.kdfnews.com/news/articleView.html?idxno=63759,"강원 평창군 소재 스키장과 관련해 총 18명*이 <b>코로나</b>19 확진됐으며(12.19일 0시 기준), 확진자들은 스키... 따라서 스키 등과 같은 겨울철 스포츠 시설에서도 <b>코로나</b>19 방역수칙을 준수하는 것이 매우 중요하며 스키장... ","Sat, 19 Dec 2020 17:43:00 +0900"
"제천시청 &quot;12~16일 동경불가마사우나 남탕 이용자, <b>코로나</b> 검사필&quot;",http://www.ccreview.co.kr/news/articleView.html?idxno=299663,http://www.ccreview.co.kr/news/articleView.html?idxno=299663,<b>코로나</b> 날씨 추위 충북 제천시가 <b>코로나</b>19 확진자 동선을 공개했다. 19일 제천시청에 따르면 지난 12~16일 오후 3시 30분~5시 동경불가마사우나 남탕 이용자는 <b>코로나</b> 검사를 받아야 한다. 19일 질병관리청... ,"Sat, 19 Dec 2020 17:43:00 +0900"
"예수비전교회, 확진자 2명 나왔다고 폐쇄당해",https://www.christiantoday.co.kr/news/336883,https://www.christiantoday.co.kr/news/336883,"안 목사는 이날 자신의 유튜브 채널을 통해 “현재까지 교인 중 2명이 <b>코로나</b>19에 확진됐는데, 아직 어디서 감염됐는지는 알 수 없는 상황”이라며 “그런데도 당국에서 교회 폐쇄 조치를 했다”고 밝혔다. 그러나 방역... ","Sat, 19 Dec 2020 17:43:00 +0900"
[전문] 서초구청 708~722번째 확진자 15명 발생 공개,http://www.asiaa.co.kr/news/articleView.html?idxno=13378,http://www.asiaa.co.kr/news/articleView.html?idxno=13378,<b>코로나</b>19 관련사진 (사진=뉴스1 제공) 서초구청이 <b>코로나</b>19 708~722번째 확진자 15명 발생을 알렸다. 이하 서초구청이 공개한 확진자 발생 전문이다. 서초구 708~722번까지 총 15명의 추가 확진자가 발생했습니다.... ,"Sat, 19 Dec 2020 17:43:00 +0900"
‘평창 스키장’ 발 <b>코로나</b>19 확진자 18명 발생,http://www.g-enews.com/ko-kr/news/article/news_all/202012191734404690891d26c649_1/article.html,http://www.g-enews.com/ko-kr/news/article/news_all/202012191734404690891d26c649_1/article.html,강원도 평창 소재 스키장에서 <b>코로나</b>19 확진자가 18명 발생했다. 19일 중앙방역대책본부(방대본)에 따르면... 과정에서 <b>코로나</b>19가 불특정 다수에게 전파될 가능성이 있다고 강조했다. 임숙영 중앙방역대책본부(방대본)... ,"Sat, 19 Dec 2020 17:42:00 +0900"
영국 &quot;아스트라제네카 백신 28~29일 승인 전망&quot;,https://www.hankyung.com/international/article/2020121966507,https://news.naver.com/main/read.nhn?mode=LSD&mid=sec&sid1=104&oid=015&aid=0004470067,영국 옥스퍼드대학과 제약사 아스트라제네카가 공동 개발한 신종 <b>코로나</b>바이러스감염증(<b>코로나</b>19) 백신이 이달 28~29일 사용승인될 수 있을 것으로 보인다. 18일(현지시간) 영국 일간 텔레그래프는 영국 정부의 고위... ,"Sat, 19 Dec 2020 17:42:00 +0900"
정부 &quot;<b>코로나</b>19 백신 접종계획 연내 마련…내년 11월 전 완료 목표&quot;,http://www.gukjenews.com/news/articleView.html?idxno=2129270,http://www.gukjenews.com/news/articleView.html?idxno=2129270,국제뉴스/안희영 기자 정부가 해외에서 개발 중인 <b>코로나</b>19 백신을 도입하기 위해 얀센·화이자와는 이달 중... 임인택 보건복지부 보건산업정책국장은 18일 <b>코로나</b>19 백신 확보와 관련해 &quot;12월 내에는 2개 제약사(얀센... ,"Sat, 19 Dec 2020 17:42:00 +0900"
"`영탁쓰 찐사랑`, 영탁 고향 안동에 이웃돕기 성금 기탁",http://www.kbsm.net/default/index_view_page.php?idx=296784&part_idx=320,http://www.kbsm.net/default/index_view_page.php?idx=296784&part_idx=320,'영탁쓰 찐사랑' 회원은 &quot;최근 <b>코로나</b>19 확산에 물품을 직접 전달하는 것보다 이웃돕기 성금 기부를 하는 것이 좋을 것 같았다&quot;며 &quot;회원들의 작은 마음이 안동지역소외계층이 따뜻한 겨울을 나는데 도움이 됐으면... ,"Sat, 19 Dec 2020 17:42:00 +0900"
"정부, '<b>코로나</b> 중환자병상 확보' 첫 행정명령...민간까지 동원?",http://www.kukinews.com/newsView/kuk202012190081,http://www.kukinews.com/newsView/kuk202012190081,사진=박효상 기자 정부가 신종 <b>코로나</b>바이러스 감염증(<b>코로나</b>19) '3차 대유행' 확산으로 중환자 병상이 부족해지자 상급종합병원과 국립대학병원 등을 대상으로 첫 병상 확보 행정명령을 내렸다. 19일 의료계와... ,"Sat, 19 Dec 2020 17:42:00 +0900"
"미국육류수출협회, 갈비탕 위크 행사 기간 12월 31일까지 연장",http://www.cooknchefnews.com/news/newsview.php?ncode=1065602153058820,http://www.cooknchefnews.com/news/newsview.php?ncode=1065602153058820,"이번 프로모션은 당초 12월 1일에 시작해 14일까지 진행 예정이었으나, <b>코로나</b>19로 그 어느 때보다 힘든 한... 미국육류수출협회는 지난 5월 서울적십자병원에서 <b>코로나</b>19 관련 환자 치료 및 선별 진료소 운영으로 고생하는... ","Sat, 19 Dec 2020 17:42:00 +0900"
'강적들' 박용진 의원 &quot;대한민국 대통령과 검찰총장이 법정 다툼 해야 되는 상...,http://www.newsfarm.co.kr/news/articleView.html?idxno=62035,http://www.newsfarm.co.kr/news/articleView.html?idxno=62035,"후반부에는 출연자 최재욱 고려대 의대 교수, 김호중 순천향대 의대 교수와 함께 <b>코로나</b> 3차 대유행으로... <b>코로나</b>19 확산세가 더욱 거세지면서 정부는 정례 브리핑에서 백신 도입 경과를 설명하겠다고 예고했다. 이에... ","Sat, 19 Dec 2020 17:41:00 +0900"
"연말 홈 파티, 와인 대전 펼쳐진다",https://www.sedaily.com/NewsView/1ZBQUUT8XQ,https://news.naver.com/main/read.nhn?mode=LSD&mid=sec&sid1=101&oid=011&aid=0003844459,소맥으로 시작하는 송년회 문화가 사실상 사라지고 집에서 와인을 가볍게 즐기는 홈파티가 신종<b>코로나</b>바이러스감염증(<b>코로나</b>19) 시대의 연말 주류 트렌드로 자리 잡았다. 이에 유통업계는 아직 국내에 소개되지... ,"Sat, 19 Dec 2020 17:41:00 +0900"
"&quot;창고에 쌓인 연탄, 어서 빨리 배달하고 싶어요&quot;",http://www.ohmynews.com/NWS_Web/View/at_pg.aspx?CNTN_CD=A0002703771&CMPT_CD=P0010&utm_source=naver&utm_medium=newsearch&utm_campaign=naver_news,https://news.naver.com/main/read.nhn?mode=LSD&mid=sec&sid1=102&oid=047&aid=0002296061,전국적으로 <b>코로나</b> 19 확진자가 증가하고 서산에서도 집단감염이 연이어 발생하면서 자원봉사자의 안전과 <b>코로나</b> 19 확산 방지를 위해 연탄 배달 자원봉사가 중단한 상태다. ⓒ 신영근 &quot;여보세요?&quot; &quot;저 000에 사는... ,"Sat, 19 Dec 2020 17:41:00 +0900"
&quot;수도권 선제 검사 '공격적'으로…확진자 더 늘 수도&quot;,https://news.bbsi.co.kr/news/articleView.html?idxno=3015603,https://news.bbsi.co.kr/news/articleView.html?idxno=3015603,최근 국내 <b>코로나</b>19 신규 확진자가 연일 1천명 대에 달하는 상황을 두고 방역당국은 &quot;현 추세가 당분간 이어질 것&quot;이라고 내다봤습니다. 임숙영 중앙방역대책본부 상황총괄단장은 오늘(19일) 정례 브리핑에서 <b>코로나</b>19 발생... ,"Sat, 19 Dec 2020 17:41:00 +0900"
"(주)나인탑무역 이순녀 대표, 중소벤처기업부장관 표창 수상",http://daily.hankooki.com/lpage/society/202012/dh20201219173640137880.htm?s_ref=nv,http://daily.hankooki.com/lpage/society/202012/dh20201219173640137880.htm?s_ref=nv,"19일 방역당국에 따르면, 최근 <b>코로나</b>19 감염병 확진자 수가 연일 1,000여 명을 넘나들고 있는 가운데 사회적... 이 대표는 수상 소감에서 &quot;<b>코로나</b>19 바이러스의 확산세가 줄지 않고 있어 개인과 기업 모두에게 큰 위기로... ","Sat, 19 Dec 2020 17:41:00 +0900"
[LPGA] '공동 3위→공동 2위' 김세영 &quot;주말 경기 기대된다&quot; 최종전 2연패 의욕,http://www.sportsw.kr/news/newsview.php?ncode=1065601457421677,http://www.sportsw.kr/news/newsview.php?ncode=1065601457421677,올해는 <b>코로나</b>19 사태 여파로 시즌 일정에 차질이 빚어져 최종전 우승 상금이 110만 달러로 줄었으나 그래도 이번 시즌 LPGA 투어 대회 가운데 최대 규모의 우승 상금이다. 이번 시즌 상금과 올해의 선수 부문 2위를... ,"Sat, 19 Dec 2020 17:40:00 +0900"
거제 <b>코로나</b>19 생활속 확산에 일일 최다 17명 확진…누적 105명,http://www.busan.com/view/busan/view.php?code=2020121917394741994,https://news.naver.com/main/read.nhn?mode=LSD&mid=sec&sid1=102&oid=082&aid=0001052823,거제 맑은샘병원 의료진 1명이 <b>코로나</b>19에 확진돼 시설 전체가 코호트 격리됐다. 병원 입구에 설치된 선별진료소. 부산일보 DB 경남 거제지역 <b>코로나</b>19가 조선소를 넘어 일상생활 속으로 파고들면서 누적 확진자가... ,"Sat, 19 Dec 2020 17:40:00 +0900"
평택서 지역 감염 등10명 확진…누적 253명,http://www.newspim.com/news/view/20201219000127,http://www.newspim.com/news/view/20201219000127,경기 평택시가 19일 <b>코로나</b>19 244번~253번까지 10명의 확진자가 발생했다고 밝혔다. 시에 따르면 지난 18일 오후 3명이 확진 판정을 받았으며 19일 오후 3시 40분 현재까지 7명이 확진됐다. 경기 평택시 선별진료소... ,"Sat, 19 Dec 2020 17:40:00 +0900"
[천지포토] <b>코로나</b> 검사 대기하는 시민들,http://www.newscj.com/news/articleView.html?idxno=810708,http://www.newscj.com/news/articleView.html?idxno=810708,신종 <b>코로나</b>바이러스 감염증(<b>코로나</b>19) 신규 확진자가 나흘째 1000명대를 넘어선 가운데 19일 오후 서울 성북구청 앞 임시 선별진료소에서 시민들이 <b>코로나</b>19 검사를 받기 위해 기다리고 있다. 성북구는 전날 구청... ,"Sat, 19 Dec 2020 17:40:00 +0900"
광명서 8명 확진...무증상 감염자 5명,http://www.newspim.com/news/view/20201219000126,http://www.newspim.com/news/view/20201219000126,19일 경기 광명시에서 <b>코로나</b>19 확진자 8명(광명 281~288번)이 추가 발생했다. 시와 방역당국에 따르면... 19일 경기 광명시에서 <b>코로나</b>19 확진자 8명(광명 281~288번)이 추가 발생했다. 2020.12.19 1141world@newspim.com 이들... ,"Sat, 19 Dec 2020 17:40:00 +0900"
"김성원 국회의원, 국정감사NGO모니터단 선정 국리민복상 수상",http://www.cooknchefnews.com/news/newsview.php?ncode=1065600047158446,http://www.cooknchefnews.com/news/newsview.php?ncode=1065600047158446,"구체적으로, 운영위원회에서 청와대가 <b>코로나</b>19 방역에 미온적인 대처를 보이고 있음을 지적하고 더 이상... 김 의원은 “<b>코로나</b>19와 여대야소 상황에서도 정쟁보다는 합리적 대안을 제시하는 정책 국감을 이끌기 위해... ","Sat, 19 Dec 2020 17:39:00 +0900"
고양 미소아침요양병원 7명 추가 양성…누적 44명,http://yna.kr/AKR20201219050800060?did=1195m,https://news.naver.com/main/read.nhn?mode=LSD&mid=sec&sid1=102&oid=001&aid=0012091029,경기 고양시는 신종 <b>코로나</b>바이러스 감염증(<b>코로나</b>19) 집단 감염이 발생한 일산동구 중산동 미소아침요양병원과 관련해 7명이 추가 확진 판정을 받았다고 19일 밝혔다. 이에 따라 이 요양원 관련 확진자는 모두... ,"Sat, 19 Dec 2020 17:39:00 +0900"
"[속보] 김천시청 74번째 75번째 확진자 발생 알려...조마면, 지좌동 거주",http://www.asiaa.co.kr/news/articleView.html?idxno=13376,http://www.asiaa.co.kr/news/articleView.html?idxno=13376,"<b>코로나</b>19 자료사진 (사진=뉴스1제공) 김천시청이 <b>코로나</b>19 74번째 75번째 확진자 발생을 알렸다. 김천시 74번째 확진자는 조마면에 거주, 75번째 확진자는 지좌동에 거주한다. 김천시청은 자산동소재 당구장관련, 72번... ","Sat, 19 Dec 2020 17:39:00 +0900"
유엔군사령부 “<b>코로나</b>19 확산에 판문점 견학 전면중단”,http://www.newsway.co.kr/news/view?tp=1&ud=2020121917362651260,http://www.newsway.co.kr/news/view?tp=1&ud=2020121917362651260,유엔군사령부는 19일 신종 <b>코로나</b>바이러스 감염증(<b>코로나</b>19) 확산세 지속으로 판문점 공동경비구역(JSA) 견학을 전면 중단한다고 밝혔다. 유엔군사령부는 이날 공식 트위터를 통해 &quot;JSA 내 견학을 포함한 비필수 활동을... ,"Sat, 19 Dec 2020 17:39:00 +0900"
강원 전 유치원·학교 21일부터 2주 간 원격수업 전환,http://www.newsis.com/view/?id=NISX20201219_0001276408&cID=10805&pID=10800,https://news.naver.com/main/read.nhn?mode=LSD&mid=sec&sid1=102&oid=003&aid=0010251304,강원도교육청은 19일 동해시 중앙초등학교에서 25명이 <b>코로나</b>19 확진 판정을 받음에 따라 이날 긴급회의를... 민병희 교육감은 &quot;잠시 멈춤을 통해 <b>코로나</b>19로부터 학생들과 교직원의 안전을 반드시 지키겠다&quot;고 말했다.... ,"Sat, 19 Dec 2020 17:39:00 +0900"
"평창 스키장發 18명 집단감염…공용탈의실, 식당, 사우나 조심",https://www.sisa-news.com/news/article.html?no=141215,https://www.sisa-news.com/news/article.html?no=141215,스키장 종사자 10명·PC방 관련 7명·기타 1명 등 종사자 공동숙소에 거주하면서 함께 식사⋅음주   강원도 평창 소재 스키장에서 신종 <b>코로나</b>바이러스 감염증(<b>코로나</b>19) 확진자가 18명 발생한 가운데 이들 중 10명이 스키장... ,"Sat, 19 Dec 2020 17:39:00 +0900"
[속보] 양평군청 187번째 확진자 발생 알려,http://www.asiaa.co.kr/news/articleView.html?idxno=13377,http://www.asiaa.co.kr/news/articleView.html?idxno=13377,<b>코로나</b>19 관련사진 (사진= 뉴스1 제공) 양평군청이 <b>코로나</b>19 187번째 확진자 발생을 알렸다 양평군 187번째 확진자는 타시군 확진자와 접촉으로 감염을 추정하고 있다. 양평군청은 현재 역학조사 중으로 결과는 추후... ,"Sat, 19 Dec 2020 17:39:00 +0900"
&quot;피로감·두통·마른기침&quot;…마크롱 대통령이 전한 '<b>코로나</b> 증상',http://news.tf.co.kr/read/world/1832575.htm,https://news.naver.com/main/read.nhn?mode=LSD&mid=sec&sid1=104&oid=629&aid=0000058732,자가격리 중 영상 올려…&quot;상태 괜찮아&quot; 신종 <b>코로나</b>바이러스 감염증(<b>코로나</b>19) 확진 판정을 받은 후 자가격리 중인 에마뉘엘 마크롱 프랑스 대통령이 근황을 전했다. 18일(현지시간) 마크롱 대통령은 공식 트위터 계정에... ,"Sat, 19 Dec 2020 17:39:00 +0900"
기재부 차관 &quot;일자리 창출·유지 능력 보강 과제 착실히 추진&quot;,http://www.gukjenews.com/news/articleView.html?idxno=2129269,http://www.gukjenews.com/news/articleView.html?idxno=2129269,"경우 <b>코로나</b>19 확산과 완화가 반복되는 가운데 피해가 누적되면서 고용 회복이 더욱 더뎌질 수 있어... 필요시 <b>코로나</b>로 어려움을 겪는 청년, 30~40대 등 고용취약계층에 대한 추가적인 일자리 대책을 지속적으로... ","Sat, 19 Dec 2020 17:38:00 +0900"
"임신중 <b>코로나</b> 감염된 산모 아기, 항체 갖고 태어난다",http://news.mt.co.kr/mtview.php?no=2020121917330192909,https://news.naver.com/main/read.nhn?mode=LSD&mid=sec&sid1=104&oid=008&aid=0004516796,싱가포르에서 임신 중 <b>코로나</b>19(COVID-19)에 감염됐던 산모가 낳은 아기들이 모두 항체를 갖고 태어났다는... 중 <b>코로나</b>19에 걸린 후 완치된 23∼36세 임산부 16명에 대한 추적조사에서 태어난 아기 5명 모두가 항체를 가진... ,"Sat, 19 Dec 2020 17:38:00 +0900"
"'<b>코로나</b>19 극복' 이강인, 바르셀로나 선발?…'제외 vs 출격' 엇갈린 예상",http://sports.hankooki.com/lpage/soccer/202012/sp2020121917305493750.htm?s_ref=nv,http://sports.hankooki.com/lpage/soccer/202012/sp2020121917305493750.htm?s_ref=nv,신종 <b>코로나</b> 바이러스(<b>코로나</b>19)에서 돌아온 이강인(발렌시아)이 ‘세계 최고 구단’ 바르셀로나전에 선발 출전할까. 외신의 의견이 엇갈리고 있다. 발렌시아는 오는 20일 0시 15분(이하 한국시간) 스페인 바르셀로나... ,"Sat, 19 Dec 2020 17:37:00 +0900"
강릉서 40대 추가 확진...타지역 확진자 접촉,http://www.newspim.com/news/view/20201219000134,http://www.newspim.com/news/view/20201219000134,A씨는 지난 11일부터 목칼칼함 등 <b>코로나</b>19 의심증상을 보인 것으로 파악됐다. A씨는 직장 동료인 의정부 확진자와 접촉해 감염된 것으로 조사됐다. 보건당국은 기초역학조사를 진행하고 있다. 강릉시 누적... ,"Sat, 19 Dec 2020 17:37:00 +0900"
"'병상 대란' 충북 중증환자 병상 0개, 5일 연속 사망자 두 자릿수",http://isplus.live.joins.com/news/article/article.asp?total_id=23949975,https://news.naver.com/main/read.nhn?mode=LSD&mid=sec&sid1=102&oid=241&aid=0003078679,<b>코로나</b>19 신규 확진자의 확산세로 '병상 대란'이 현실화되고 있다. 19일 중앙사고수습본부(중수본)에 따르면 전날 기준으로 <b>코로나</b>19 위중증 환자가 당장 입원할 수 있는 중증환자 치료 병상은 전국 573개 가운데 48개... ,"Sat, 19 Dec 2020 17:37:00 +0900"
"與·野, 백신 확보 정책에 날선 공방…'무능' vs '정치공작'",http://www.edaily.co.kr/news/newspath.asp?newsid=01699046626000160,https://news.naver.com/main/read.nhn?mode=LSD&mid=sec&sid1=100&oid=018&aid=0004811011,정부의 <b>코로나</b>19 백신 확보 정책에 대한 정치권 공방이 거세지고 있다. 야당이 ‘안일하고 무능한 정부’... 아스트라제네카가 개발한 <b>코로나</b>19 백신 [사진=뉴시스]이에 대해 강선우 더불어민주당 대변인은 이날... ,"Sat, 19 Dec 2020 17:37:00 +0900"
"‘홍콩댁’ 강수정, 호텔 격리로 남편+아들과 생이별‥창문 사이 애틋[SNS★컷...",https://www.newsen.com/news_view.php?uid=202012191708152510,https://news.naver.com/main/read.nhn?mode=LSD&mid=sec&sid1=106&oid=609&aid=0000374661,<b>코로나</b>19 음성 판정을 받고 호텔 격리 중이다. 한편 강수정은 2008년 홍콩 금융회사에 일하는 남편과 결혼 후 홍콩에서 거주 중이다. 2014년 첫 아들을 출산했다. (사진=강수정 인스타그램) 뉴스엔 이하나 bliss21@,"Sat, 19 Dec 2020 17:37:00 +0900"
"골프존뉴딘그룹, 이웃돕기 성금 5억원 기부 등 [스포츠ING]",http://sports.khan.co.kr/news/sk_index.html?art_id=202012191737003&sec_id=530101&pt=nv,https://sports.news.naver.com/news.nhn?oid=144&aid=0000707018,골프존뉴딘그룹은 지난 4월 초록우산어린이재단을 통해 <b>코로나</b>19로 어려움을 겪는 소외계층 아동 및... DH미디어는 “<b>코로나</b>19 시대에 면역력의 중요성이 대두하고 있다”며 “해당 책은 면역력 향상에 필요한 자율신경... ,"Sat, 19 Dec 2020 17:37:00 +0900"
천안시 <b>코로나</b>19 확진자 507~508번째 발생,http://www.dtnews24.com/news/articleView.html?idxno=594961,http://www.dtnews24.com/news/articleView.html?idxno=594961,천안시청 전경 천안시에서 신종 <b>코로나</b>바이러스 감염증(<b>코로나</b>19) 확진자가 507번부터 508번까지 2명이 발생했다. 천안시에 따르면 507번 확진자는 용곡동 40대로 천안 500번의 접촉자다. 지난 18일 천안충무병원... ,"Sat, 19 Dec 2020 17:37:00 +0900"
"부천 요양병원서 ‘이송대기’ 확진자, 며칠새 5명 숨져",https://www.chosun.com/national/regional/gyeonggi-incheon/2020/12/19/OXV3JP5ZIBCWHPON7FNAZHUL44/?utm_source=naver&utm_medium=referral&utm_campaign=naver-news,https://news.naver.com/main/read.nhn?mode=LSD&mid=sec&sid1=102&oid=023&aid=0003584505,병동격리중 87명 아직도 이송 기다려 <b>코로나</b> 확진 이후 경기도 부천시 소재 한 요양병원에서 병상배정을... 80대 여성은 지난 11일 <b>코로나</b> 판정 후 이 요양병원에 격리된 상태에서 전원(다른 병원 이송)을 기다리다... ,"Sat, 19 Dec 2020 17:36:00 +0900"
"&quot;무식하고 머리 비었다&quot; 배우 배민정, <b>코로나</b> 시국 '파티피플'에 일침",http://www.topstarnews.net/news/articleView.html?idxno=851943,http://www.topstarnews.net/news/articleView.html?idxno=851943,배우 배민정이 <b>코로나</b>19 상황 속에서 파티를 즐기는 일부 사람들에게 일침을 가했다. 지난 18일 배민정은... 앞서 19일 0시 기준 <b>코로나</b>19 국내 확진자는 4만8천570명으로 집계됐다. 질병관리청 중앙방역대책본부(방대본)는... ,"Sat, 19 Dec 2020 17:36:00 +0900"
"<b>코로나</b>19 신규확진 1053명, 4일 연속 1천명대…위료붕괴 위기감 고조",http://www.joynews24.com/view/1328251,http://www.joynews24.com/view/1328251,"신종 <b>코로나</b>바이러스 감염증(<b>코로나</b>19) 국내 신규 확진자가 1053명 발생했다. 19일 질병관리청 중앙방역대책본부(이하 중대본)에 따르면, 이날 0시 기준으로 <b>코로나</b>19 신규 확진자가 1,053명(지역발생 1029명... ","Sat, 19 Dec 2020 17:36:00 +0900"
[천지포토] <b>코로나</b> 진료하는 의료진,http://www.newscj.com/news/articleView.html?idxno=810707,http://www.newscj.com/news/articleView.html?idxno=810707,신종 <b>코로나</b>바이러스 감염증(<b>코로나</b>19) 신규 확진자가 나흘째 1000명대를 넘어선 가운데 19일 오후 서울 성북구청 앞 임시 선별진료소에서 의료진들이 <b>코로나</b>19 검사를 하고 있다. 성북구는 전날 구청 직원이... ,"Sat, 19 Dec 2020 17:36:00 +0900"
[전문] 경주시청 162~165번째 확진자 발생 공개,http://www.asiaa.co.kr/news/articleView.html?idxno=13374,http://www.asiaa.co.kr/news/articleView.html?idxno=13374,"<b>코로나</b>19 의료진 관련사진 (사진=뉴스1 제공) 경주시청이 <b>코로나</b>19 162~165번째 확진자 발생을 알렸다. 이하 경주시청이 공개한 확진자 발생 전문이다. 추가 확진자 발생 알림(162~165번) - 162, 163번 확진자... ","Sat, 19 Dec 2020 17:36:00 +0900"
[전문] 강남구청 781~798번째 확진자 발생 공개,http://www.asiaa.co.kr/news/articleView.html?idxno=13375,http://www.asiaa.co.kr/news/articleView.html?idxno=13375,<b>코로나</b>19 관련사진 (사진= 뉴스1 제공) 강남구청이 <b>코로나</b>19 781~798번째 확진자 발생을 알렸다. 이하 강남구청이 공개한 확진자 발생 전문이다. 강남구에서 어제 오후부터 오늘 781~798번 확진자가 발생했습니다.... ,"Sat, 19 Dec 2020 17:36:00 +0900"
재난의료지원팀 1000여 명 확보…&quot;필요 기관에 적극 배치&quot;,http://www.gukjenews.com/news/articleView.html?idxno=2129267,http://www.gukjenews.com/news/articleView.html?idxno=2129267,정부는 대한의사협회가 구성한 재난의료지원팀 1000여 명의 지원자가 <b>코로나</b>19 진료에 적극 참여할 수 있도록... 특히 &quot;요양병원과 요양시설에 입소해 있는 노인분들께서는 <b>코로나</b>19 감염에 가장 취약한 계층인 만큼... ,"Sat, 19 Dec 2020 17:35:00 +0900"
"경성대 약대 강재선 교수, 연구 기술이전 활발 진행",http://www.leaders.kr/news/articleView.html?idxno=224863,http://www.leaders.kr/news/articleView.html?idxno=224863,"경성대학교는 최근 강재선 교수가 KRIBB(한국생명공학연구원)과 함께 'Sars-covid-2(<b>코로나</b>19)'에 대한 특허기술을 이전했다고 18일 밝혔다. 기업은 부산대학교병원 'AI Insight'로, 계약금은 5000만원에, 특허가 사람에게... ","Sat, 19 Dec 2020 17:35:00 +0900"
<b>코로나</b> 백신 가격 천차만별…미국·EU 최대 2배 차이,http://www.yonhapnewstv.co.kr/MYH20201219008000038/?did=1825m,https://news.naver.com/main/read.nhn?mode=LSD&mid=sec&sid1=104&oid=422&aid=0000462432,세계 각국이 앞다퉈 확보 중인 <b>코로나</b>19 백신 가격이 나라별로 차이가 큰 것으로 나타났습니다. 이래서인지... [기자] 현재 대부분 무료로 접종되고 있는 <b>코로나</b>19 백신. 그런데 똑같은 <b>코로나</b>19 백신도 나라마다 가격이... ,"Sat, 19 Dec 2020 17:35:00 +0900"
수도권 임시 검사소 4일간 170명 환자 조기발견,http://www.gukjenews.com/news/articleView.html?idxno=2129268,http://www.gukjenews.com/news/articleView.html?idxno=2129268,방역당국이 국내 <b>코로나</b>19 환자의 조기 발견을 위해 지난 14일부터 수도권 지역에 임시선별검사소를... 이와 함께 &quot;병상 전체 혹은 일부를 소개해 <b>코로나</b>19 환자만을 전담 치료하는 중환자 병상·중증환자 병상... ,"Sat, 19 Dec 2020 17:35:00 +0900"
제주 사우나·성당·교회 통해 <b>코로나</b> 확산…누적 확진 219명(종합),http://yna.kr/AKR20201219036651056?did=1195m,https://news.naver.com/main/read.nhn?mode=LSD&mid=sec&sid1=102&oid=001&aid=0012091028,"한라사우나 41명, 김녕성당 27명, 성안교회 10명으로 늘어 제주지역 신종 <b>코로나</b>바이러스 감염증(<b>코로나</b>19)이 사우나·성당·교회 등 연결고리를 통해 계속해서 확산하고 있다. 제주도는 19일 자정부터 오후 5시까지... ","Sat, 19 Dec 2020 17:35:00 +0900"
"중기부, 경복궁 건춘문서 K-마스 라이브마켓 개막 점등식",http://www.newstomato.com/ReadNews.aspx?no=1013858,http://www.newstomato.com/ReadNews.aspx?no=1013858,"장식해 <b>코로나</b>19 종식과 함께 '새로운 봄날을 맞이하자'는 기원의 의미를 표현했다. 삼청동 도로와 가로등에도 눈꽃 결정체, 샹들리에 형상의 배너 조명을 설치했다. 다만 <b>코로나</b>19 재확산에 따른 강화된 방역 조치로... ","Sat, 19 Dec 2020 17:34:00 +0900"
"인천 신한은행 에스버드, 연고지 초·중 여자농구팀에 장비 기부",http://www.incheonilbo.com/news/articleView.html?idxno=1072161,http://www.incheonilbo.com/news/articleView.html?idxno=1072161,에스버드 여자농구단 관계자는 &quot;<b>코로나</b>로 때문에 학생들이 경기장을 방문하지 못해 아쉽다. 연고지역 스포츠 활성화와 프로의 꿈을 키우고 있는 농구부 학생들에게 조금이나마 도움이 되었으면 한다&quot;고 소감을 밝혔다.,"Sat, 19 Dec 2020 17:34:00 +0900"
"부산소방, 직장협의회 대표-소방본부장 간 간담회",https://www.news1.kr/articles/?4155511,https://news.naver.com/main/read.nhn?mode=LSD&mid=sec&sid1=102&oid=421&aid=0005059672,"아울러 신종 <b>코로나</b>바이러스 감염증 예방을 위해 참석인원을 최소화하고 방역지침을 준수한 가운데 진행됐다. 간담회는 각 직협 대표들이 일선 현장부서의 현안, 고민거리를 제시하고 함께 의견을 교환하면서 해결을... ","Sat, 19 Dec 2020 17:34:00 +0900"
'<b>코로나</b> 재확산'에 판문점 견학도 한 달 반 만에 다시 중단,http://mbn.mk.co.kr/pages/news/newsView.php?category=mbn00009&news_seq_no=4376394,https://news.naver.com/main/read.nhn?mode=LSD&mid=sec&sid1=102&oid=057&aid=0001530694,"유엔군사령부는 오늘(19일) <b>코로나</b>19 확산세 지속으로 판문점 공동경비구역(JSA) 견학을 전면 중단한다고... 그러면서 &quot;<b>코로나</b>19 확진자 수가 감소해 견학이 재개되기를 바란다&quot;고 공지했지만, 현재로선 재개 시점이... ","Sat, 19 Dec 2020 17:33:00 +0900"
"시흥시, '이동노동자 시흥쉼터' 개소",http://www.newscj.com/news/articleView.html?idxno=810705,http://www.newscj.com/news/articleView.html?idxno=810705,"<b>코로나</b>19 확산으로 인한 비대면 시대에 배달, 택배에 대한 수요가 급격히 늘어 업무량은 증가하고 있지만 이동노동자에 대한 처우와 노동환경은 여전히 열악한 상황이다. 이에 따라 시흥시는 노동권익 보호에 대한 필요성... ","Sat, 19 Dec 2020 17:33:00 +0900"
음성 소망병원 진단검사 완료…나머지 233명 '음성' 나와,https://www.inews365.com/news/article.html?no=648513,https://www.inews365.com/news/article.html?no=648513,음성군이 <b>코로나</b>19 집단 감염이 발생한 소망병원 환자와 직원에 대한 진단검사를 마쳤지만 잠복기 등을 고려해 긴장의 끈을 놓지 못하고 있다. 19일 음성군에 따르면 지난 17일 <b>코로나</b>19 확진자 6명이 발생한 소망병원에... ,"Sat, 19 Dec 2020 17:33:00 +0900"
&quot;새로운 봄날 맞자&quot;…화려한 조명 옷 입은 서울 삼청로,http://mbn.mk.co.kr/pages/news/newsView.php?category=mbn00009&news_seq_no=4376396,https://news.naver.com/main/read.nhn?mode=LSD&mid=sec&sid1=102&oid=057&aid=0001530695,<b>코로나</b>19 종식과 함께 '새로운 봄날을 맞이하자'는 의미가 담겼습니다. 삼청동 도로와 가로등은 눈꽃... 박영선 장관은 &quot;삼청로를 동서양이 어우러진 세계에서 가장 아름다운 크리스마스 거리로 꾸몄다&quot;며 &quot;<b>코로나</b>19로... ,"Sat, 19 Dec 2020 17:33:00 +0900"
전자통신·전기기계 등 업종서 베트남·중국과 산업내무역 의존도 증가… 공급...,http://www.mtnews.net/news/view.php?idx=9838,http://www.mtnews.net/news/view.php?idx=9838,"관세전쟁으로 표면화되었던 미·중 갈등은 화웨이 사태, 홍콩보안법, <b>코로나</b>19 등 일련의 사건들을 거치면서 공급망 전쟁으로까지 번지고 있는 모습이다. 미국은 중국의 기술 탈취를 노골적으로 견제하며 자국 중심... ","Sat, 19 Dec 2020 17:32:00 +0900"
"고양시, 고위험시설 종사자 전수검사 82% 진행 '확진자 없어'",http://www.tournews21.com/news/articleView.html?idxno=44927,http://www.tournews21.com/news/articleView.html?idxno=44927,"<b>코로나</b>19 신속항원 검사 경기 고양시는 17·18일 이틀간 관내 고위험시설 종사자 1만 2천명 중 1만 명에 대한 신속항원검사를 진행한 바, 지금까지 확진자는 발견되지 않았다고 19일 밝혔다. 시는 예산 약 2억2천만 원을... ","Sat, 19 Dec 2020 17:32:00 +0900"
터키 남부 <b>코로나</b>19 중환자 치료실서 화재로 8명 숨져,http://www.newsis.com/view/?id=NISX20201219_0001276406&cID=10101&pID=10100,https://news.naver.com/main/read.nhn?mode=LSD&mid=sec&sid1=104&oid=003&aid=0010251303,터키 남부 가지안테프 소재 대학병원에서 19일 신종 <b>코로나</b>바이러스 감염증(<b>코로나</b>19) 환자를치료하던 중환자실에 화재가 발생해 지금까지 8명이 사망했다. 국영 아나돌루 통신 등에 따르면 사립 산코 대학병원에서... ,"Sat, 19 Dec 2020 17:32:00 +0900"
유엔군사령부 &quot;<b>코로나</b>19 확산에 판문점 견학 전면중단&quot;,http://yna.kr/AKR20201219050500504?did=1195m,https://news.naver.com/main/read.nhn?mode=LSD&mid=sec&sid1=100&oid=001&aid=0012091026,&quot;한국 국민·유엔사 인원 보호 조치&quot;…재개 시점은 불투명 유엔군사령부는 19일 신종 <b>코로나</b>바이러스 감염증(<b>코로나</b>19) 확산세 지속으로 판문점 공동경비구역(JSA) 견학을 전면 중단한다고 밝혔다. 유엔군사령부는 이날... ,"Sat, 19 Dec 2020 17:31:00 +0900"
'걷기 운동' 효과 높이는 3단계 훈련법,https://health.chosun.com/site/data/html_dir/2020/12/18/2020121801728.html,https://news.naver.com/main/read.nhn?mode=LSD&mid=sec&sid1=103&oid=346&aid=0000036119,"근력 운동은 헬스장에 있는 다양한 기구로 하면 좋지만, <b>코로나</b>19로 상황이 여의치 않기 때문에 집에서 근력 운동 기구를 이용하거나 기구가 없는 사람은 탄력 밴드 운동으로 대신한다. 탄력 밴드를 목에 걸고 밴드 양... ","Sat, 19 Dec 2020 17:31:00 +0900"
"대구북구청 볼링팀, 인카금융 슈퍼볼링 2020 대회 우승",http://www.kbsm.net/default/index_view_page.php?idx=296780&part_idx=298,http://www.kbsm.net/default/index_view_page.php?idx=296780&part_idx=298,배광식 북구청장은 “<b>코로나</b>19로 인해 침체한 가운데 볼링팀 우승의 낭보를 전해드리게 되어 매우 기쁘다”며 “구민 여러분도 볼링팀처럼 놀라운 상승세로 <b>코로나</b>19의 위기를 극복하시기를 간절히 소망한다”고... ,"Sat, 19 Dec 2020 17:31:00 +0900"
"정 총리 &quot;3단계 격상, 필요한 시점에 과감하게 결정&quot;",http://www.gukjenews.com/news/articleView.html?idxno=2129266,http://www.gukjenews.com/news/articleView.html?idxno=2129266,정세균 국무총리가 18일 서울시청에서 열린 <b>코로나</b>19 중대본 회의를 주재하고 있다. 정세균 국무총리는 18일... 정 총리는 이날 서울시청에서 열린 <b>코로나</b>19 중대본 회의를 주재한 자리에서 &quot;우선은 현재의 거리두기 단계를... ,"Sat, 19 Dec 2020 17:31:00 +0900"
"달성군, 수출유공 3개 기업에 감사패 수여",http://www.kbsm.net/default/index_view_page.php?idx=296779&part_idx=320,http://www.kbsm.net/default/index_view_page.php?idx=296779&part_idx=320,대구달성군이 지난 16일 올해 <b>코로나</b> 위기 속에서도 수출증대와 지역경제 활성화에 기여한 관내... 김문오 달성군수는 “<b>코로나</b>19 등 어려운 경제 여건 속에서도 수출증대와 고용창출로 지역경제의 든든한 버팀목이... ,"Sat, 19 Dec 2020 17:31:00 +0900"
"대구 북구공무원노조, 장애인단체·이주지원센터에 마스크 기증",http://www.kbsm.net/default/index_view_page.php?idx=296781&part_idx=320,http://www.kbsm.net/default/index_view_page.php?idx=296781&part_idx=320,대구 북구공무원노동조합(위원장 김영호)이 지난 17일 북구 관내 장애인단체와 이주지원119센터를 방문해 KF-94 마스크 5000매(200만원상당)를 전달했다.김영호 위원장은 “작은 정성이나마 <b>코로나</b> 극복에 도움이 됐으면... ,"Sat, 19 Dec 2020 17:31:00 +0900"
"&quot;정부, 아스트라제네카 백신 구두계약&quot; 국가계약법 위반?",http://www.sportsseoul.com/news/read/994453?ref=naver,https://news.naver.com/main/read.nhn?mode=LSD&mid=sec&sid1=100&oid=468&aid=0000725863,우리 정부가 영국 아스트라제네카(AZ)사와 신종 <b>코로나</b>바이러스 감염증(<b>코로나</b>19) 백신 공급계약을 체결하는 과정에서 계약서 상에 ‘공급 시기’를 명시하지 않은 것으로 알려지면서 해당 계약의 국가계약법 위반... ,"Sat, 19 Dec 2020 17:31:00 +0900"
"대경중기청, ‘메리 K-마스’ 라이브커머스 최대 50% 세일",http://www.kbsm.net/default/index_view_page.php?idx=296777&part_idx=326,http://www.kbsm.net/default/index_view_page.php?idx=296777&part_idx=326,이번 크리스마스 마켓에 진행되는 라이브커머스는 올해 <b>코로나</b>19로 인해 경영상 어려움을 겪는 중소... 확인했다”며 “<b>코로나</b>19로 인해 어려운 상황 속에서 중소·소상공인이 비대면 판로를 개척해 극복하는 데... ,"Sat, 19 Dec 2020 17:31:00 +0900"
"“메리 K-마스ㆍ건강한 봄” 중기부, 경복궁 조명경관 점등식 개최",https://www.etoday.co.kr/news/view/1975513,https://www.etoday.co.kr/news/view/1975513,"장식해 <b>코로나</b>19 종식과 함께 ‘새로운 봄날을 맞이하자 (建春)’는 기원의 의미를 표현했다. (사진제공... 이는 신종 <b>코로나</b>바이러스 감염증(<b>코로나</b>19) 종식과 함께, ‘새로운 봄날을 맞이하자(建春ㆍ건춘)’는 기원의... ","Sat, 19 Dec 2020 17:31:00 +0900"
"한국부동산원, <b>코로나</b>블루 극복 심리상담 지원",http://www.kbsm.net/default/index_view_page.php?idx=296776&part_idx=320,http://www.kbsm.net/default/index_view_page.php?idx=296776&part_idx=320,"한국부동산원이 대구지역 <b>코로나</b>블루 극복을 위한 심리상담 지원에 나선다.한국부동산원은 지난 17일 대구지역문제해결플랫폼, 토닥토닥 협동조합과 '<b>코로나</b>블루 극복 심리상담 지원 사업'을 위한 기관간 비대면... ","Sat, 19 Dec 2020 17:31:00 +0900"
'가요광장' 유인나 &quot;아이유는 내 인생 자체…텔레파시 잘 통한다&quot;,http://tvdaily.asiae.co.kr/read.php3?aid=16083665841571786002,http://tvdaily.asiae.co.kr/read.php3?aid=16083665841571786002,"한편 유인나가 출연하는 '새해전야'는 당초 오는 30일 개봉 예정이었으나, <b>코로나</b>19 재확산 여파로 개봉이 연기됐다. [티브이데일리 / 사진=KBS 쿨FM '가요광장' 인스타그램]","Sat, 19 Dec 2020 17:30:00 +0900"
서울 삼청로 크리스마스 거리 변신…<b>코로나</b> 종식 기원,http://yna.kr/AKR20201218102800030?did=1195m,https://news.naver.com/main/read.nhn?mode=LSD&mid=sec&sid1=004&oid=001&aid=0012091025,신종 <b>코로나</b>바이러스 감염증(<b>코로나</b>19) 종식과 함께 '새로운 봄날을 맞이하자'는 의미가 담겼다. 삼청동 도로와 가로등은 눈꽃 결정체와 샹들리에 모양의 화려한 조명으로 빛을 밝혔다. 중기부는 TV와 유튜브를 통해... ,"Sat, 19 Dec 2020 17:30:00 +0900"
'힘겨운 소상공인에게 온정을' 크리스마스 마켓 개막,http://www.newsis.com/view/?id=NISX20201218_0001276017&cID=13001&pID=13000,https://news.naver.com/main/read.nhn?mode=LSD&mid=sec&sid1=101&oid=003&aid=0010251302,크리스마스 마켓 개막을 알리는 점등식이 열린 건춘문 앞 조명은 아치문 형식으로 신종 <b>코로나</b> 바이러스 감염증(<b>코로나</b>19) 종식과 함께 ‘새로운 봄날을 맞이하자(建春)’는 기원의 의미를 표현했다. 삼청동 도로와... ,"Sat, 19 Dec 2020 17:30:00 +0900"
‘크리스마스 마켓’ 개막...‘밤하늘 수놓을 점등식’ 개최,http://www.edaily.co.kr/news/newspath.asp?newsid=01695766626000160,https://news.naver.com/main/read.nhn?mode=LSD&mid=sec&sid1=101&oid=018&aid=0004811010,<b>코로나</b>19 종식과 함께 ‘새로운 봄날을 맞이하자 (建春)’는 기원의 의미를 표현했다. 삼청동 도로와... 중기부는 <b>코로나</b>19 재확산에 따른 강화된 방역 조치로 인해서 불가피하게 이곳의 출입 인원은 방역 기준에 맞춰... ,"Sat, 19 Dec 2020 17:30:00 +0900"
경복궁 건춘문·삼청로에 '성탄 조명경관' 랜선 공간 탄생,https://www.news1.kr/articles/?4154958,https://news.naver.com/main/read.nhn?mode=LSD&mid=sec&sid1=101&oid=421&aid=0005059669,신종 <b>코로나</b>바이러스 감염증(<b>코로나</b>19) 종식과 함께 '새로운 봄날을 맞이하자'는 기원의 의미를 표현했다. 삼청동에는 도로와 가로등에 눈꽃 결정체와 샹들리에 형상의 배너 조명을 설치해 동·서양이 공존하는... ,"Sat, 19 Dec 2020 17:30:00 +0900"
삼청로 아름다운 거리로 재탄생…'2020 크리스마스 마켓' 점등식 열려,https://www.asiatoday.co.kr/view.php?key=20201218010012005,https://www.asiatoday.co.kr/view.php?key=20201218010012005,장식해 <b>코로나</b>19 종식과 함께 ‘새로운 봄날을 맞이하자 (建春)’는 기원의 의미를 표현한다.삼청동 도로와... 다만 <b>코로나</b>19 재확산에 따른 강화된 방역 조치로 인해서 불가피하게 이곳의 출입 인원은 방역 기준에 맞춰... ,"Sat, 19 Dec 2020 17:30:00 +0900"
경복궁·건춘문 '메인 조명 점등식'…'메리 K-마스 라이브' 시작,https://view.asiae.co.kr/article/2020121819361855346,https://news.naver.com/main/read.nhn?mode=LSD&mid=sec&sid1=101&oid=277&aid=0004813470,신종 <b>코로나</b>바이러스감염증(<b>코로나</b>19) 종식과 ‘새로운 봄날을 맞이하자(建春·건춘)’는 기원의 의미도 담았다. 행사장 참석자는 <b>코로나</b>19 확산에 따른 강화된 방역 조치로 크게 제한했다. 대신 언론매체와 유튜브를... ,"Sat, 19 Dec 2020 17:30:00 +0900"
"정세균 총리, 민간병원 최초 <b>코로나</b>19 거점 병원 자처한 평택 박애병원 방문",http://www.kyeonggi.com/news/articleView.html?idxno=2335341,http://www.kyeonggi.com/news/articleView.html?idxno=2335341,정세균 국무총리는 민간 병원 최초로 <b>코로나</b>19 거점병원을 자처하며 병상 전체를 제공키로한 평택... 박애병원과 평택시 등에 따르면 정세균 총리는 이날 오전 민간병원 최초로 <b>코로나</b>19 거점 전담병원으로 지정된 평택시... ,"Sat, 19 Dec 2020 17:30:00 +0900"
괴산성모병원 환자 1명 사망…집단감염 사태 이후 3명 숨져,https://www.inews365.com/news/article.html?no=648511,https://www.inews365.com/news/article.html?no=648511,방역당국…<b>코로나</b>19 연관성 조사에 나서 ［충북일보］ <b>코로나</b>19 확진자가 집단 발생한 괴산성모병원에서 환자 1명이 또 사망해 방역당국이 연관성 조사에 나섰다. 19일 괴산군에 따르면 입원 환자 50대 A씨가 이날... ,"Sat, 19 Dec 2020 17:30:00 +0900"
양주시 내년 예산 9076억원 편성…<b>코로나</b>로 침체된 경제 회복 주력,https://www.news1.kr/articles/?4155509,https://news.naver.com/main/read.nhn?mode=LSD&mid=sec&sid1=102&oid=421&aid=0005059670,시는 내년 예산을 편성하면서 <b>코로나</b>19 장기화로 경제적 타격을 입은 소상공인을 비롯한 여성·청년·아동 등 취약계층을 배려하고 침체된 지역경제를 되살리는 데 비중을 뒀다. 내년 사회복지 분야 예산은 올해에... ,"Sat, 19 Dec 2020 17:30:00 +0900"
<b>코로나</b>19 감염 확산 우려...병원 자가격리 학생 맹장? 수술 외면,http://www.kyeonggi.com/news/articleView.html?idxno=2335342,http://www.kyeonggi.com/news/articleView.html?idxno=2335342,평택의 한 초등학교에서 <b>코로나</b>19 확진자가 발생해 자가격리에 들어간 이 학교 학생 중 1명이 맹장염이 발생했으나 병원마다 <b>코로나</b>19 감염을 우려하며 외면해 수일 간 고통을 받다 평택보건소가 나서면서 가까스로... ,"Sat, 19 Dec 2020 17:30:00 +0900"
부천 요양병원 집단감염 병상 대기자 2명 추가 사망,https://www.asiatoday.co.kr/view.php?key=20201219010012245,https://www.asiatoday.co.kr/view.php?key=20201219010012245,A씨는 지난 11일 <b>코로나</b>19 양성 판정 후 요양병원에 격리된 상태로 1주일 동안 병상 전원을 기다리다가... 음성 환자 중에서도 <b>코로나</b>19 의심 증상을 보이는 환자는 병실을 따로 만들어 격리 중이다.해당 요양병원은... ,"Sat, 19 Dec 2020 17:30:00 +0900"
[속보] 천안시청 확진자 2명 추가 발생 알려,http://www.asiaa.co.kr/news/articleView.html?idxno=13373,http://www.asiaa.co.kr/news/articleView.html?idxno=13373,<b>코로나</b>19 자료사진 (사진= 뉴스1 제공) 천안시청이 <b>코로나</b>19 확진자 2명이 추가 발생했다고 알렸다. 천안시 확진자는 용곡동에 거주하며 500번재 확진자와 접촉으로 감염을 추정하고 있으며 수원시 거주자는 자발적... ,"Sat, 19 Dec 2020 17:29:00 +0900"
"목포시, 고용위기지역 지정 기간 1년 연장 확정",http://www.joongdo.co.kr/web/view.php?key=20201220010006637,http://www.joongdo.co.kr/web/view.php?key=20201220010006637,"김종식 목포시장은 &quot;조선업 불황과 <b>코로나</b>19라는 악재로 매우 힘든 시기에 우리 시의 고용위기 상황을 극복할 수 있도록 고용위기지역 지정 연장을 결정해 준 중앙부처와 힘을 모아준 전라남도, 각 기관단체 및... ","Sat, 19 Dec 2020 17:28:00 +0900"
"당진시청 &quot;12일 현대보석사우나 남탕 이용자, <b>코로나</b> 검사 받으세요&quot;",http://www.ccreview.co.kr/news/articleView.html?idxno=299662,http://www.ccreview.co.kr/news/articleView.html?idxno=299662,"당진시청 &quot;12일 현대보석사우나 남탕 이용자, <b>코로나</b> 검사 받으세요&quot; 충남 당진시가 <b>코로나</b>19 확진자 동선을 공개했다. 19일 당진시청에 따르면 지난 오후 3시 30분~5시 현대보석사우나(당진2동) 남탕 이용자는 <b>코로나</b>... ","Sat, 19 Dec 2020 17:28:00 +0900"
서울 <b>코로나</b>19 검사자 폭증…하루 5만명 넘었다,http://www.g-enews.com/ko-kr/news/article/news_all/202012191722323034891d26c649_1/article.html,http://www.g-enews.com/ko-kr/news/article/news_all/202012191722323034891d26c649_1/article.html,서울지역 <b>코로나</b>19 일일 검사건수가 역대 가장 많은 5만2000여건을 기록했다. 19일 서울시에 따르면 18일 하루 동안 <b>코로나</b>19 검사건수는 총 5만2346건으로 집계됐다. 이는 <b>코로나</b>19 사태 이후 서울의 하루 검사 건수로... ,"Sat, 19 Dec 2020 17:28:00 +0900"
유례없는 <b>코로나</b>19 함께 이겨내요~ 인천의료원이 응원합니다!,http://www.viva100.com/main/view.php?key=20201219010004824,http://www.viva100.com/main/view.php?key=20201219010004824,유례없는 <b>코로나</b>19 함께 이겨내요~ 인천의료원이 응원합니다! 연일 영하 10도를 밑도는 매서운 한파가 이어지고 있는 가운데 <b>코로나</b>19 여파로 인한 일상생활이 어려운 취약계층 아이들을 위해 인천의료원사회봉사단(이하... ,"Sat, 19 Dec 2020 17:27:00 +0900"
당진 나음교회 이어 시청 공무원 일가족 집단감염… ‘속수무책’,http://cc.newdaily.co.kr/site/data/html/2020/12/19/2020121900040.html,http://cc.newdaily.co.kr/site/data/html/2020/12/19/2020121900040.html,당진시청 일가족 감염경로가 확인되지 않아 방역당국이 추가 역학조사에 나선 가운데 당진시는 당진 나음교회 등과 관련된 <b>코로나</b>19 확진자에 이어 공무원 일가족까지 확진되자 그야말로 패닉상태다.... ,"Sat, 19 Dec 2020 17:26:00 +0900"
부천 요양병원에서 '병상 전원' 기다리던 <b>코로나</b>19 확진자 2명 사망,http://www.kyeonggi.com/news/articleView.html?idxno=2335340,http://www.kyeonggi.com/news/articleView.html?idxno=2335340,<b>코로나</b>19 집단감염이 발생한 부천의 한 요양병원에서 병상 배정을 기다리던 확진자 2명이 숨졌다. 이로써... A씨는 지난 11일 <b>코로나</b>19 양성 판정을 받은 위 요양병원에 격리됐다. 이후 일주일간 병상 전원을... ,"Sat, 19 Dec 2020 17:26:00 +0900"
'개교 23주년' 산업기술대 유공자 표창 및 장학금 전달,http://www.e2news.com/news/articleView.html?idxno=228870,http://www.e2news.com/news/articleView.html?idxno=228870,"이날 행사는 <b>코로나</b>19 대응의 일환으로 수상자 및 행사 관계자 50명만 참석했으며, 나머지 교직원과... <b>코로나</b>19 팬데믹 상황에서 방역활동의 공로를 세운 학생과 교직원이 수상해 의미를 더했다. 교직원들은 1년간... ","Sat, 19 Dec 2020 17:26:00 +0900"
[천지포토] <b>코로나</b> 진료 안내하는 의료진,http://www.newscj.com/news/articleView.html?idxno=810704,http://www.newscj.com/news/articleView.html?idxno=810704,신종 <b>코로나</b>바이러스 감염증(<b>코로나</b>19) 신규 확진자가 나흘째 1000명대를 넘어선 가운데 19일 오후 서울 성북구청 앞 임시 선별진료소에서 의료진들이 <b>코로나</b>19 검사를 받으러 온 시민들을 안내하고 있다. 성북구는 전날... ,"Sat, 19 Dec 2020 17:26:00 +0900"
"서울씨티교회, 세계 최초 ‘드라이브인 성탄주일예배’ 드린다",https://www.christiantoday.co.kr/news/336882,https://www.christiantoday.co.kr/news/336882,"지난 3월 국내 최초 ‘드라이브 인 워십’을 시작해 <b>코로나</b> 시대 예배의 대안을 제시한 서울씨티교회(담임 조희서 목사)가, 12월 20일 오전 11시 세계 최초로 성탄 예배를 드라이브 인 워십으로 드린다고 밝혔다. 교회... ","Sat, 19 Dec 2020 17:26:00 +0900"
"&quot;전생에 한국인이었나, 정말 그런 생각했어요&quot;",http://www.ohmynews.com/NWS_Web/View/at_pg.aspx?CNTN_CD=A0002703529&CMPT_CD=P0010&utm_source=naver&utm_medium=newsearch&utm_campaign=naver_news,https://news.naver.com/main/read.nhn?mode=LSD&mid=sec&sid1=102&oid=047&aid=0002296059,"<b>코로나</b>로 횟감 주문이 줄자 사장은 밀린 월급도 주지 않고 숙소를 열쇠로 채우곤 이들을 내쫓았다.... 올해는 <b>코로나</b> 때문에 해고나 퇴직금, 임금 문제가 특히 심각하다. E9 비자(고용 허가)로 들어온 파키스탄 노동자 한... ","Sat, 19 Dec 2020 17:25:00 +0900"
"유동수 의원, 국정감사NGO모니터단 국정감사 국리민복상 수상",http://www.asiaa.co.kr/news/articleView.html?idxno=13363,http://www.asiaa.co.kr/news/articleView.html?idxno=13363,"유동수 의원은 &quot;부족한 저에게 수상의 영예를 주신 것에 감사드리며, 앞으로 더 성실한 의정활동을 펼치라는 주마가편의 격려로 받아들이겠다&quot;며 &quot;<b>코로나</b> 사태로 민생경제가 어려운 지금, 우리 국민들에게 힘이 될 수... ","Sat, 19 Dec 2020 17:25:00 +0900"
제주도청 &quot;<b>코로나</b> 확진자 12명 추가 발생&quot; 한라사우나 41명·김녕성당 27명,http://www.ccreview.co.kr/news/articleView.html?idxno=299660,http://www.ccreview.co.kr/news/articleView.html?idxno=299660,제주도청 &quot;<b>코로나</b> 확진자 12명 추가 발생&quot; 한라사우나 41명·김녕성당 27명 제주도에 <b>코로나</b>19 확진자 12명이 발생했다. 19일 제주도청에 따르면 <b>코로나</b> 208~219번 확진자는 한라사우나 관련 9명과 김념 전수조사... ,"Sat, 19 Dec 2020 17:25:00 +0900"
